contract_type;symbol;date_time;strike;last_price;bid;ask;change;% Change;colume;open_interest;implied_volatility
C;TSLA200320C00010000;2020-02-05 10:43AM EDT;10.00;734.90;717.15;721.00;0.00;-;2;0;0.00%
C;TSLA200320C00015000;2020-02-05 11:07AM EDT;15.00;751.70;674.15;682.55;0.00;-;5;0;0.00%
C;TSLA200320C00020000;2020-02-27 11:20AM EDT;20.00;591.40;662.85;671.10;0.00;-;-;0;0.00%
C;TSLA200320C00025000;2020-02-06 11:15AM EDT;25.00;743.35;662.60;671.65;0.00;-;6;0;0.00%
C;TSLA200320C00030000;2020-03-05 2:41PM EDT;30.00;605.45;576.10;591.15;0.00;-;2;0;0.00%
C;TSLA200320C00035000;2020-03-03 12:45PM EDT;35.00;728.50;655.00;662.75;0.00;-;1;0;0.00%
C;TSLA200320C00040000;2020-03-05 11:26AM EDT;40.00;703.50;645.85;652.75;0.00;-;3;0;0.00%
C;TSLA200320C00045000;2020-03-03 10:40AM EDT;45.00;741.90;654.20;663.65;0.00;-;1;0;0.00%
C;TSLA200320C00050000;2020-03-09 12:12PM EDT;50.00;588.45;593.40;594.30;0.00;-;-;5;0.00%
C;TSLA200320C00055000;2020-03-10 10:38AM EDT;55.00;579.65;552.35;565.80;0.00;-;2;0;0.00%
C;TSLA200320C00060000;2020-03-10 9:49AM EDT;60.00;589.05;547.50;564.30;0.00;-;7;0;0.00%
C;TSLA200320C00065000;2020-03-02 1:39PM EDT;65.00;708.65;542.50;559.35;0.00;-;8;0;0.00%
C;TSLA200320C00070000;2020-02-05 11:44AM EDT;70.00;689.50;620.00;627.85;0.00;-;-;1;1,882.47%
C;TSLA200320C00075000;2020-03-04 1:59PM EDT;75.00;558.80;531.15;548.00;0.00;-;1;0;0.00%
C;TSLA200320C00080000;2020-03-10 9:49AM EDT;80.00;563.39;617.00;629.00;0.00;-;3;0;1,911.13%
C;TSLA200320C00085000;2020-03-10 12:53PM EDT;85.00;546.50;555.85;558.55;0.00;-;2;0;0.00%
C;TSLA200320C00090000;2020-03-10 2:58PM EDT;90.00;552.05;553.20;558.55;0.00;-;1;0;500.98%
C;TSLA200320C00095000;2020-02-04 11:34AM EDT;95.00;765.05;0.00;0.00;0.00;-;1;0;0.00%
C;TSLA200320C00100000;2020-03-09 12:48PM EDT;100.00;511.95;548.50;552.60;0.00;-;1;0;681.54%
C;TSLA200320C00105000;2019-06-20 11:31AM EDT;105.00;120.78;154.80;157.75;0.00;-;4;2;0.00%
C;TSLA200320C00110000;2020-02-04 11:34AM EDT;110.00;693.05;0.00;0.00;0.00;-;1;0;0.00%
C;TSLA200320C00115000;2020-02-03 2:12PM EDT;115.00;642.05;628.70;636.95;0.00;-;1;0;2,375.59%
C;TSLA200320C00120000;2020-02-03 2:12PM EDT;120.00;629.15;625.00;632.90;0.00;-;2;0;2,243.12%
C;TSLA200320C00125000;2020-03-10 9:34AM EDT;125.00;527.10;206.50;210.20;+354.43;+205.26%;1;2;0.00%
C;TSLA200320C00130000;2020-03-09 12:48PM EDT;130.00;507.05;561.20;566.65;0.00;-;2;0;1,166.70%
C;TSLA200320C00135000;2019-10-25 12:44PM EDT;135.00;182.79;193.10;197.25;0.00;-;10;1;0.00%
C;TSLA200320C00140000;2020-02-04 10:33AM EDT;140.00;702.90;0.00;0.00;0.00;-;1;0;0.00%
C;TSLA200320C00145000;2020-02-05 12:55PM EDT;145.00;615.75;544.20;550.75;0.00;-;2;0;1,062.21%
C;TSLA200320C00150000;2020-02-04 11:19AM EDT;150.00;744.05;0.00;0.00;0.00;-;2;0;0.00%
C;TSLA200320C00155000;2020-02-10 1:09PM EDT;155.00;610.07;488.55;493.55;0.00;-;1;0;376.66%
C;TSLA200320C00160000;2020-02-10 1:09PM EDT;160.00;605.04;527.70;534.15;0.00;-;2;0;973.14%
C;TSLA200320C00165000;2020-01-22 3:08PM EDT;165.00;416.07;732.10;740.45;0.00;-;1;0;0.00%
C;TSLA200320C00170000;2020-03-09 10:30AM EDT;170.00;469.50;517.50;524.20;0.00;-;2;0;929.32%
C;TSLA200320C00175000;2020-03-04 3:03PM EDT;175.00;445.30;468.30;473.60;0.00;-;1;10;338.96%
C;TSLA200320C00180000;2020-02-05 2:26PM EDT;180.00;542.00;507.30;514.95;0.00;-;4;0;892.07%
C;TSLA200320C00185000;2020-03-10 11:35AM EDT;185.00;426.60;507.50;513.90;0.00;-;4;0;911.04%
C;TSLA200320C00190000;2020-02-05 10:48AM EDT;190.00;511.00;537.45;542.55;0.00;-;1;0;1,169.95%
C;TSLA200320C00195000;2020-03-09 10:34AM EDT;195.00;443.25;533.30;536.60;0.00;-;3;0;1,143.51%
C;TSLA200320C00200000;2020-03-04 3:08PM EDT;200.00;538.95;496.65;510.85;0.00;-;1;334;917.40%
C;TSLA200320C00205000;2020-03-09 2:29PM EDT;205.00;414.65;481.20;489.00;0.00;-;9;0;797.33%
C;TSLA200320C00210000;2020-03-06 4:50PM EDT;210.00;498.65;487.00;499.60;0.00;-;1;281;877.97%
C;TSLA200320C00215000;2020-03-09 2:29PM EDT;215.00;404.75;473.85;480.40;0.00;-;20;0;781.42%
C;TSLA200320C00220000;2020-02-26 2:08PM EDT;220.00;575.70;470.25;479.00;0.00;-;2;0;784.12%
C;TSLA200320C00225000;2020-03-09 1:58PM EDT;225.00;395.25;464.15;470.40;0.00;-;8;0;753.20%
C;TSLA200320C00230000;2020-03-09 1:58PM EDT;230.00;390.30;467.40;479.80;0.00;-;10;639;814.77%
C;TSLA200320C00235000;2020-02-28 2:20PM EDT;235.00;418.23;375.30;387.30;0.00;-;1;0;0.00%
C;TSLA200320C00240000;2020-03-10 2:45PM EDT;240.00;400.15;367.20;382.35;0.00;-;1;0;0.00%
C;TSLA200320C00245000;2020-03-09 3:30PM EDT;245.00;369.25;363.10;380.45;0.00;-;10;0;0.00%
C;TSLA200320C00250000;2020-03-09 9:32AM EDT;250.00;367.00;362.90;377.10;0.00;-;1;0;0.00%
C;TSLA200320C00255000;2020-02-24 2:31PM EDT;255.00;578.58;438.05;444.20;0.00;-;1;0;698.21%
C;TSLA200320C00260000;2020-03-09 2:56PM EDT;260.00;362.05;385.15;390.30;0.00;-;2;0;295.22%
C;TSLA200320C00265000;2020-03-09 9:49AM EDT;265.00;351.12;379.40;385.15;0.00;-;1;0;279.44%
C;TSLA200320C00270000;2020-03-10 2:12PM EDT;270.00;363.88;427.45;441.50;0.00;-;6;0;709.81%
C;TSLA200320C00275000;2020-03-10 2:26PM EDT;275.00;354.80;338.15;352.40;0.00;-;5;0;0.00%
C;TSLA200320C00280000;2020-03-10 2:26PM EDT;280.00;349.85;417.30;431.50;0.00;-;4;0;685.08%
C;TSLA200320C00285000;2020-03-03 2:47PM EDT;285.00;405.48;360.35;361.70;0.00;-;4;0;221.39%
C;TSLA200320C00290000;2020-03-10 2:46PM EDT;290.00;353.35;397.90;406.05;0.00;-;1;0;594.87%
C;TSLA200320C00295000;2020-03-10 10:30AM EDT;295.00;346.25;318.35;332.70;0.00;-;3;0;0.00%
C;TSLA200320C00300000;2020-03-10 3:59PM EDT;300.00;346.00;397.00;412.50;0.00;-;22;0;641.44%
C;TSLA200320C00305000;2020-03-10 10:25AM EDT;305.00;337.92;387.05;391.45;0.00;-;1;0;576.82%
C;TSLA200320C00310000;2020-03-09 1:34PM EDT;310.00;319.15;387.40;402.50;0.00;-;1;0;621.06%
C;TSLA200320C00315000;2020-03-05 2:27PM EDT;315.00;299.38;329.80;331.35;0.00;-;1;0;172.27%
C;TSLA200320C00320000;2020-03-09 10:56AM EDT;320.00;314.97;376.70;393.80;0.00;-;11;0;601.93%
C;TSLA200320C00325000;2020-03-06 2:59PM EDT;325.00;365.05;372.35;387.65;0.00;-;15;0;590.72%
C;TSLA200320C00330000;2020-03-09 2:59PM EDT;330.00;313.65;366.90;383.95;0.00;-;2;0;582.90%
C;TSLA200320C00335000;2020-03-09 11:58AM EDT;335.00;303.45;311.65;313.85;0.00;-;5;0;220.58%
C;TSLA200320C00340000;2020-03-09 2:57PM EDT;340.00;286.20;305.80;308.50;0.00;-;4;0;205.57%
C;TSLA200320C00345000;2020-02-28 1:19PM EDT;345.00;307.00;264.60;277.85;0.00;-;12;0;0.00%
C;TSLA200320C00350000;2020-03-09 9:32AM EDT;350.00;284.32;262.85;276.15;0.00;-;5;0;0.00%
C;TSLA200320C00355000;2020-02-28 11:54AM EDT;355.00;285.50;290.85;293.60;0.00;-;4;0;194.63%
C;TSLA200320C00360000;2020-03-10 2:46PM EDT;360.00;284.30;284.40;286.40;0.00;-;2;0;124.61%
C;TSLA200320C00365000;2020-02-06 11:12AM EDT;365.00;374.05;327.00;333.15;0.00;-;1;0;473.80%
C;TSLA200320C00370000;2020-03-09 9:30AM EDT;370.00;267.00;327.05;344.65;0.00;-;2;0;511.69%
C;TSLA200320C00375000;2020-03-09 9:49AM EDT;375.00;278.58;271.75;273.95;0.00;-;2;0;188.45%
C;TSLA200320C00380000;2020-03-09 10:09AM EDT;380.00;235.00;232.05;250.50;0.00;-;11;0;0.00%
C;TSLA200320C00385000;2020-03-02 11:14AM EDT;385.00;245.45;303.85;309.55;0.00;-;1;0;428.19%
C;TSLA200320C00390000;2020-03-10 9:42AM EDT;390.00;260.30;222.50;241.00;0.00;-;2;0;0.00%
C;TSLA200320C00395000;2020-03-09 10:09AM EDT;395.00;256.96;252.65;255.50;0.00;-;1;0;187.23%
C;TSLA200320C00400000;2020-03-10 3:54PM EDT;400.00;245.50;297.10;315.50;0.00;-;24;0;464.16%
C;TSLA200320C00405000;2020-03-09 12:40PM EDT;405.00;226.15;292.25;310.60;0.00;-;2;0;456.79%
C;TSLA200320C00410000;2020-03-10 3:21PM EDT;410.00;239.35;233.60;241.80;0.00;-;2;0;159.62%
C;TSLA200320C00415000;2020-03-10 9:46AM EDT;415.00;241.41;198.50;213.10;0.00;-;1;0;0.00%
C;TSLA200320C00420000;2020-03-09 12:15PM EDT;420.00;248.87;277.85;295.90;0.00;-;11;0;435.47%
C;TSLA200320C00425000;2020-03-10 10:17AM EDT;425.00;224.79;224.10;226.15;0.00;-;7;0;173.02%
C;TSLA200320C00430000;2020-03-10 2:15PM EDT;430.00;207.92;215.05;221.85;0.00;-;2;0;153.61%
C;TSLA200320C00435000;2020-03-09 10:42AM EDT;435.00;203.85;180.15;194.75;0.00;-;1;0;0.00%
C;TSLA200320C00440000;2020-03-10 2:25PM EDT;440.00;204.65;175.65;190.20;0.00;-;1;0;0.00%
C;TSLA200320C00445000;2020-03-10 3:21PM EDT;445.00;207.05;253.40;271.35;0.00;-;1;0;400.57%
C;TSLA200320C00450000;2020-03-09 3:20PM EDT;450.00;175.00;168.40;182.95;0.00;-;4;0;0.00%
C;TSLA200320C00455000;2020-03-09 11:03AM EDT;455.00;184.24;164.05;176.95;0.00;-;2;0;0.00%
C;TSLA200320C00460000;2020-03-10 10:14AM EDT;460.00;179.62;188.50;190.60;0.00;-;2;0;141.58%
C;TSLA200320C00465000;2020-03-10 3:38PM EDT;465.00;183.65;234.70;252.50;0.00;-;10;0;376.62%
C;TSLA200320C00470000;2020-03-06 1:05PM EDT;470.00;151.55;149.50;163.95;0.00;-;1;0;0.00%
C;TSLA200320C00475000;2020-03-09 2:06PM EDT;475.00;154.25;222.05;224.85;0.00;-;1;0;329.52%
C;TSLA200320C00480000;2020-03-06 3:42PM EDT;480.00;164.80;142.85;155.45;0.00;-;29;0;0.00%
C;TSLA200320C00485000;2020-03-10 3:47PM EDT;485.00;164.25;165.30;167.50;0.00;-;1;0;135.82%
C;TSLA200320C00490000;2020-03-06 3:42PM EDT;490.00;205.68;133.90;147.15;0.00;-;2;0;0.00%
C;TSLA200320C00495000;2020-03-06 2:55PM EDT;495.00;148.18;206.25;224.10;0.00;-;1;0;341.10%
C;TSLA200320C00500000;2020-03-10 3:49PM EDT;500.00;150.70;121.45;134.25;0.00;-;10;0;0.00%
C;TSLA200320C00505000;2020-03-09 1:10PM EDT;505.00;158.67;147.35;150.45;0.00;-;1;0;134.05%
C;TSLA200320C00510000;2020-03-10 2:25PM EDT;510.00;140.60;118.00;130.50;0.00;-;1;0;0.00%
C;TSLA200320C00515000;2020-03-06 2:55PM EDT;515.00;114.35;138.25;140.05;0.00;-;1;0;127.39%
C;TSLA200320C00520000;2020-03-10 2:57PM EDT;520.00;131.74;134.50;136.30;0.00;-;2;0;129.09%
C;TSLA200320C00525000;2020-03-10 3:47PM EDT;525.00;129.40;105.85;120.50;0.00;-;2;0;53.32%
C;TSLA200320C00530000;2020-03-09 3:42PM EDT;530.00;125.25;175.45;190.30;0.00;-;1;0;303.62%
C;TSLA200320C00535000;2020-03-10 2:43PM EDT;535.00;116.65;122.55;125.50;0.00;-;2;0;131.37%
C;TSLA200320C00540000;2020-03-10 3:48PM EDT;540.00;115.80;118.45;119.75;0.00;-;2;0;127.41%
C;TSLA200320C00545000;2020-03-10 3:51PM EDT;545.00;114.00;89.45;105.55;0.00;-;4;0;87.85%
C;TSLA200320C00550000;2020-03-10 3:47PM EDT;550.00;107.55;109.80;111.10;0.00;-;59;0;123.69%
C;TSLA200320C00555000;2020-03-10 2:30PM EDT;555.00;95.60;82.70;98.45;0.00;-;3;0;93.63%
C;TSLA200320C00560000;2020-03-10 3:08PM EDT;560.00;100.99;100.00;104.70;0.00;-;8;0;121.33%
C;TSLA200320C00565000;2020-03-10 12:26PM EDT;565.00;89.60;146.65;156.30;0.00;-;3;0;269.17%
C;TSLA200320C00570000;2020-03-10 3:32PM EDT;570.00;91.10;93.35;94.90;0.00;-;7;0;117.98%
C;TSLA200320C00575000;2020-03-10 3:39PM EDT;575.00;89.35;72.90;82.90;0.00;-;19;0;76.47%
C;TSLA200320C00580000;2020-03-10 2:47PM EDT;580.00;84.94;85.80;87.45;0.00;-;2;0;116.21%
C;TSLA200320C00585000;2020-03-10 10:32AM EDT;585.00;78.20;82.85;84.40;0.00;-;1;0;117.18%
C;TSLA200320C00590000;2020-03-10 3:16PM EDT;590.00;76.45;77.10;79.65;0.00;-;2;0;111.67%
C;TSLA200320C00595000;2020-03-10 11:37AM EDT;595.00;56.35;72.55;75.40;0.00;-;4;0;108.48%
C;TSLA200320C00600000;2020-03-10 3:57PM EDT;600.00;70.80;70.95;72.05;0.00;-;1;0;110.30%
C;TSLA200320C00605000;2020-03-10 3:58PM EDT;605.00;67.03;54.30;62.50;0.00;-;2;0;83.80%
C;TSLA200320C00610000;2020-03-10 3:02PM EDT;610.00;62.07;63.60;64.90;0.00;-;2;0;107.21%
C;TSLA200320C00615000;2020-03-10 3:47PM EDT;615.00;58.55;59.70;61.60;0.00;-;3;0;105.47%
C;TSLA200320C00620000;2020-03-10 2:52PM EDT;620.00;56.40;57.20;58.80;0.00;-;6;0;105.91%
C;TSLA200320C00625000;2020-03-10 3:56PM EDT;625.00;54.00;54.70;57.05;0.00;-;13;0;107.39%
C;TSLA200320C00630000;2020-03-10 3:59PM EDT;630.00;50.20;40.30;53.50;0.00;-;5;0;92.13%
C;TSLA200320C00635000;2020-03-10 3:51PM EDT;635.00;47.50;38.15;48.45;0.00;-;5;0;89.76%
C;TSLA200320C00640000;2020-03-10 3:57PM EDT;640.00;45.30;40.80;49.70;0.00;-;23;0;100.34%
C;TSLA200320C00645000;2020-03-10 3:59PM EDT;645.00;40.60;38.10;44.10;0.00;-;8;0;96.19%
C;TSLA200320C00650000;2020-03-10 3:58PM EDT;650.00;39.00;35.05;42.75;0.00;-;77;0;96.42%
C;TSLA200320C00655000;2020-03-10 3:58PM EDT;655.00;36.05;30.65;40.25;0.00;-;10;0;93.49%
C;TSLA200320C00660000;2020-03-10 3:52PM EDT;660.00;33.00;31.65;37.70;0.00;-;36;0;96.63%
C;TSLA200320C00665000;2020-03-10 3:54PM EDT;665.00;31.50;27.35;37.35;0.00;-;34;0;95.90%
C;TSLA200320C00670000;2020-03-10 3:48PM EDT;670.00;27.40;66.30;75.50;0.00;-;26;0;191.13%
C;TSLA200320C00675000;2020-03-10 3:58PM EDT;675.00;26.64;62.95;72.50;0.00;-;67;0;188.21%
C;TSLA200320C00680000;2020-03-10 3:59PM EDT;680.00;24.45;60.90;69.30;0.00;-;177;0;186.48%
C;TSLA200320C00685000;2020-03-10 3:55PM EDT;685.00;22.50;59.15;66.50;0.00;-;91;0;185.47%
C;TSLA200320C00690000;2020-03-10 3:55PM EDT;690.00;20.90;19.70;29.15;0.00;-;272;0;97.97%
C;TSLA200320C00695000;2020-03-10 3:57PM EDT;695.00;19.00;18.35;27.10;0.00;-;158;0;97.50%
C;TSLA200320C00700000;2020-03-10 3:59PM EDT;700.00;17.41;50.00;55.00;0.00;-;13;0;173.49%
C;TSLA200320C00705000;2020-03-10 3:59PM EDT;705.00;16.70;49.00;52.75;0.00;-;1;0;173.55%
C;TSLA200320C00710000;2020-03-10 3:59PM EDT;710.00;14.55;46.00;49.90;0.00;-;2;0;170.40%
C;TSLA200320C00715000;2020-03-10 3:58PM EDT;715.00;13.05;43.70;47.50;0.00;-;41;0;168.49%
C;TSLA200320C00720000;2020-03-10 3:57PM EDT;720.00;11.86;41.55;44.20;0.00;-;22;0;165.55%
C;TSLA200320C00725000;2020-03-10 3:47PM EDT;725.00;10.40;38.05;42.95;0.00;-;1;0;163.29%
C;TSLA200320C00730000;2020-03-10 3:58PM EDT;730.00;10.45;11.70;20.65;0.00;-;153;0;103.38%
C;TSLA200320C00735000;2020-03-10 3:58PM EDT;735.00;9.03;35.45;38.80;0.00;-;51;0;161.79%
C;TSLA200320C00740000;2020-03-10 3:56PM EDT;740.00;8.25;9.55;9.80;0.00;-;312;0;89.01%
C;TSLA200320C00745000;2020-03-10 3:59PM EDT;745.00;7.64;10.65;20.65;0.00;-;38;0;110.63%
C;TSLA200320C00750000;2020-03-10 3:59PM EDT;750.00;7.00;8.10;8.45;0.00;-;522;0;89.28%
C;TSLA200320C00755000;2020-03-10 3:49PM EDT;755.00;6.20;10.70;15.70;0.00;-;487;0;108.59%
C;TSLA200320C00760000;2020-03-10 3:54PM EDT;760.00;5.80;6.90;16.35;0.00;-;57;0;106.08%
C;TSLA200320C00765000;2020-03-10 3:56PM EDT;765.00;5.20;23.15;28.65;0.00;-;56;0;151.24%
C;TSLA200320C00770000;2020-03-10 3:52PM EDT;770.00;4.70;5.75;6.00;0.00;-;124;0;89.21%
C;TSLA200320C00775000;2020-03-10 3:32PM EDT;775.00;4.35;5.10;5.70;0.00;-;116;0;89.28%
C;TSLA200320C00780000;2020-03-10 3:56PM EDT;780.00;4.15;4.70;5.25;0.00;-;175;0;89.43%
C;TSLA200320C00785000;2020-03-10 3:43PM EDT;785.00;3.40;4.40;14.40;0.00;-;44;0;110.39%
C;TSLA200320C00790000;2020-03-10 3:57PM EDT;790.00;3.50;17.60;21.35;0.00;-;226;0;146.41%
C;TSLA200320C00795000;2020-03-10 3:59PM EDT;795.00;2.58;16.80;20.20;0.00;-;5;0;145.97%
C;TSLA200320C00800000;2020-03-10 3:59PM EDT;800.00;2.85;5.00;13.45;0.00;-;8;0;116.53%
C;TSLA200320C00805000;2020-03-10 3:53PM EDT;805.00;2.60;16.50;19.00;0.00;-;1;0;148.57%
C;TSLA200320C00810000;2020-03-10 3:55PM EDT;810.00;2.50;3.25;12.70;0.00;-;111;0;115.78%
C;TSLA200320C00815000;2020-03-10 2:30PM EDT;815.00;2.02;2.76;3.20;0.00;-;45;0;91.89%
C;TSLA200320C00820000;2020-03-10 3:57PM EDT;820.00;2.10;5.65;10.65;0.00;-;127;0;120.73%
C;TSLA200320C00825000;2020-03-10 3:51PM EDT;825.00;1.92;13.00;15.00;0.00;-;1;0;145.40%
C;TSLA200320C00830000;2020-03-10 3:49PM EDT;830.00;1.75;2.23;2.67;0.00;-;1;0;93.35%
C;TSLA200320C00835000;2020-03-10 3:41PM EDT;835.00;1.54;2.10;2.54;0.00;-;8;0;94.02%
C;TSLA200320C00840000;2020-03-10 3:47PM EDT;840.00;1.69;1.97;2.25;0.00;-;237;0;93.92%
C;TSLA200320C00845000;2020-03-10 3:57PM EDT;845.00;1.66;4.00;9.00;0.00;-;51;0;123.11%
C;TSLA200320C00850000;2020-03-10 3:59PM EDT;850.00;1.40;8.25;10.50;0.00;-;12;0;138.17%
C;TSLA200320C00855000;2020-03-10 3:46PM EDT;855.00;1.32;3.70;8.70;0.00;-;6;0;125.35%
C;TSLA200320C00860000;2020-03-10 2:59PM EDT;860.00;1.31;1.63;10.05;0.00;-;11;0;125.31%
C;TSLA200320C00865000;2020-03-10 2:59PM EDT;865.00;1.09;2.95;7.95;0.00;-;281;0;124.99%
C;TSLA200320C00870000;2020-03-10 3:45PM EDT;870.00;1.30;7.30;9.00;0.00;-;212;0;140.45%
C;TSLA200320C00875000;2020-03-10 1:24PM EDT;875.00;1.06;6.90;8.60;0.00;-;1;0;140.42%
C;TSLA200320C00880000;2020-03-10 3:40PM EDT;880.00;0.37;1.00;2.47;0.00;-;18;0;102.93%
C;TSLA200320C00885000;2020-03-10 3:22PM EDT;885.00;1.18;0.80;1.65;0.00;-;3;0;98.39%
C;TSLA200320C00890000;2020-03-10 3:51PM EDT;890.00;1.00;0.73;10.45;0.00;-;35;0;134.52%
C;TSLA200320C00895000;2020-03-10 11:38AM EDT;895.00;0.86;5.60;7.70;0.00;-;2;0;142.05%
C;TSLA200320C00900000;2020-03-10 3:59PM EDT;900.00;0.90;6.30;1.35;0.00;-;352;0;126.72%
C;TSLA200320C00905000;2020-03-10 1:35PM EDT;905.00;0.80;1.12;6.30;0.00;-;88;0;127.49%
C;TSLA200320C00910000;2020-03-10 3:07PM EDT;910.00;0.68;1.65;6.65;0.00;-;45;0;132.15%
C;TSLA200320C00915000;2020-03-10 3:59PM EDT;915.00;0.75;1.75;6.75;0.00;-;10;0;134.41%
C;TSLA200320C00920000;2020-03-10 2:35PM EDT;920.00;0.80;0.30;6.25;0.00;-;178;0;128.85%
C;TSLA200320C00925000;2020-03-10 1:44PM EDT;925.00;0.50;1.25;6.25;0.00;-;46;0;133.98%
C;TSLA200320C00930000;2020-03-10 1:30PM EDT;930.00;0.62;3.90;5.70;0.00;-;80;0;142.77%
C;TSLA200320C00935000;2020-03-10 3:03PM EDT;935.00;0.79;0.70;5.70;0.00;-;144;215;132.72%
C;TSLA200320C00940000;2020-03-10 3:03PM EDT;940.00;0.65;1.05;6.05;0.00;-;85;0;136.98%
C;TSLA200320C00945000;2020-03-10 12:36PM EDT;945.00;0.75;3.40;5.05;0.00;-;12;0;143.46%
C;TSLA200320C00950000;2020-03-10 3:55PM EDT;950.00;0.65;3.40;4.30;0.00;-;1;0;142.21%
C;TSLA200320C00955000;2020-03-10 12:24PM EDT;955.00;0.52;0.85;5.85;0.00;-;419;225;139.75%
C;TSLA200320C00960000;2020-03-10 2:46PM EDT;960.00;0.63;0.80;5.80;0.00;-;28;0;140.77%
C;TSLA200320C00965000;2020-03-10 3:45PM EDT;965.00;0.80;2.83;4.35;0.00;-;7;178;144.54%
C;TSLA200320C00970000;2020-03-10 3:06PM EDT;970.00;0.56;0.00;6.00;0.00;-;36;0;141.00%
C;TSLA200320C00975000;2020-03-10 1:24PM EDT;975.00;0.59;0.70;5.25;0.00;-;14;0;142.16%
C;TSLA200320C00980000;2020-03-10 3:01PM EDT;980.00;0.53;2.53;3.95;0.00;-;17;0;145.85%
C;TSLA200320C00985000;2020-03-09 2:47PM EDT;985.00;0.55;0.05;5.05;0.00;-;126;241;140.86%
C;TSLA200320C00990000;2020-03-10 3:53PM EDT;990.00;0.50;0.55;5.55;0.00;-;22;0;146.90%
C;TSLA200320C00995000;2020-03-10 3:33PM EDT;995.00;0.45;0.50;5.50;0.00;-;17;0;147.79%
C;TSLA200320C01000000;2020-03-10 3:58PM EDT;1,000.00;0.50;0.51;2.91;0.00;-;359;0;135.30%
C;TSLA200320C01010000;2020-03-10 11:51AM EDT;1,010.00;0.43;1.35;3.30;0.00;-;17;0;145.02%
C;TSLA200320C01020000;2020-03-10 3:30PM EDT;1,020.00;0.54;0.45;5.45;0.00;-;13;0;153.86%
C;TSLA200320C01030000;2020-03-10 3:37PM EDT;1,030.00;0.49;1.70;2.94;0.00;-;16;0;149.95%
C;TSLA200320C01040000;2020-03-09 9:32AM EDT;1,040.00;0.71;0.20;5.00;0.00;-;10;0;155.42%
C;TSLA200320C01050000;2020-03-10 3:40PM EDT;1,050.00;0.40;1.25;1.95;0.00;-;52;0;145.78%
C;TSLA200320C01060000;2020-03-10 12:24PM EDT;1,060.00;0.71;0.25;5.25;0.00;-;2;0;161.84%
C;TSLA200320C01070000;2020-03-10 3:28PM EDT;1,070.00;0.35;1.10;5.35;0.00;-;5;0;168.95%
C;TSLA200320C01080000;2020-03-10 10:01AM EDT;1,080.00;0.48;1.25;1.70;0.00;-;7;0;150.68%
C;TSLA200320C01090000;2020-03-10 12:45PM EDT;1,090.00;0.40;0.90;2.13;0.00;-;7;0;153.49%
C;TSLA200320C01100000;2020-03-10 3:39PM EDT;1,100.00;0.32;0.96;2.05;0.00;-;2;0;155.49%
C;TSLA200320C01110000;2020-03-10 11:17AM EDT;1,110.00;0.27;0.20;1.97;0.00;-;14;0;150.34%
C;TSLA200320C01120000;2020-03-10 10:27AM EDT;1,120.00;0.30;0.39;1.90;0.00;-;2;0;153.56%
C;TSLA200320C01130000;2020-03-10 9:48AM EDT;1,130.00;0.55;0.20;5.10;0.00;-;9;0;176.93%
C;TSLA200320C01140000;2020-03-09 2:44PM EDT;1,140.00;0.46;0.20;1.78;0.00;-;3;0;154.49%
C;TSLA200320C01150000;2020-03-10 2:10PM EDT;1,150.00;0.23;0.50;1.77;0.00;-;20;0;159.38%
C;TSLA200320C01160000;2020-03-09 3:57PM EDT;1,160.00;0.50;0.25;5.25;0.00;-;7;337;184.55%
C;TSLA200320C01170000;2020-03-10 2:31PM EDT;1,170.00;0.52;0.95;10.00;0.00;-;8;351;211.28%
C;TSLA200320C01180000;2020-03-10 3:52PM EDT;1,180.00;0.32;0.70;2.00;0.00;-;42;1,302;169.29%
C;TSLA200320C01190000;2020-03-10 3:41PM EDT;1,190.00;0.28;0.45;5.45;0.00;-;4;276;193.09%
C;TSLA200320C01200000;2020-03-10 3:55PM EDT;1,200.00;0.24;0.85;1.00;0.00;-;100;2,16;164.45%
C;TSLA200320C01210000;2020-03-09 9:30AM EDT;1,210.00;0.50;0.50;1.08;0.00;-;3;350;162.89%
C;TSLA200320C01220000;2020-03-06 4:46PM EDT;1,220.00;0.63;0.05;5.05;0.00;-;6;131;194.56%
C;TSLA200320C01230000;2020-03-06 3:27PM EDT;1,230.00;0.30;0.05;5.05;0.00;-;11;80;196.53%
C;TSLA200320C01240000;2020-03-09 9:56AM EDT;1,240.00;1.35;0.40;5.40;0.00;-;1;164;202.64%
C;TSLA200320C01250000;2020-03-10 12:28PM EDT;1,250.00;0.10;0.40;5.40;0.00;-;6;1,068;204.59%
C;TSLA200320C01260000;2020-03-09 10:28AM EDT;1,260.00;0.50;0.35;5.35;0.00;-;1;86;205.96%
C;TSLA200320C01270000;2020-03-05 4:24PM EDT;1,270.00;1.50;0.35;5.35;0.00;-;4;209;207.86%
C;TSLA200320C01280000;2020-03-06 2:29PM EDT;1,280.00;0.63;0.35;5.35;0.00;-;7;164;209.77%
C;TSLA200320C01290000;2020-03-09 3:45PM EDT;1,290.00;0.10;0.35;5.35;0.00;-;1;248;211.65%
C;TSLA200320C01300000;2020-03-10 1:39PM EDT;1,300.00;0.15;0.07;5.00;0.00;-;21;1,842;209.60%
C;TSLA200320C01320000;2020-03-10 2:12PM EDT;1,320.00;0.22;0.30;5.30;0.00;-;11;390;216.55%
C;TSLA200320C01340000;2020-03-10 3:47PM EDT;1,340.00;0.21;0.30;5.30;0.00;-;18;387;220.14%
C;TSLA200320C01360000;2020-03-10 2:12PM EDT;1,360.00;0.21;0.25;5.25;0.00;-;7;0;223.02%
C;TSLA200320C01380000;2020-03-09 1:49PM EDT;1,380.00;0.15;0.25;5.25;0.00;-;20;0;226.47%
C;TSLA200320C01400000;2020-03-10 2:34PM EDT;1,400.00;0.09;0.28;4.00;0.00;-;17;0;221.36%
C;TSLA200320C01420000;2020-03-09 3:33PM EDT;1,420.00;0.10;0.25;5.25;0.00;-;2;0;233.18%
C;TSLA200320C01440000;2020-03-10 3:25PM EDT;1,440.00;0.11;0.20;5.20;0.00;-;2;0;235.79%
C;TSLA200320C01460000;2020-03-10 9:45AM EDT;1,460.00;0.33;0.20;5.20;0.00;-;1;0;238.99%
C;TSLA200320C01480000;2020-03-10 3:51PM EDT;1,480.00;0.06;0.20;5.20;0.00;-;5;0;242.14%
C;TSLA200320C01500000;2020-03-10 3:51PM EDT;1,500.00;0.08;0.02;0.30;0.00;-;204;0;176.37%
C;TSLA200320C01520000;2020-03-10 9:50AM EDT;1,520.00;0.07;0.14;0.50;0.00;-;6;0;191.11%
C;TSLA200320C01530000;2020-03-09 9:52AM EDT;1,530.00;0.70;0.20;5.20;0.00;-;2;0;249.78%
C;TSLA200320C01540000;2020-03-05 4:49PM EDT;1,540.00;0.09;0.05;5.00;0.00;-;1;0;248.78%
C;TSLA200320C01550000;2020-03-06 3:39PM EDT;1,550.00;0.06;0.15;5.15;0.00;-;10;0;252.05%
C;TSLA200320C01560000;2020-03-06 1:04PM EDT;1,560.00;0.10;0.05;5.00;0.00;-;2;0;251.71%
C;TSLA200320C01570000;2020-03-09 12:08PM EDT;1,570.00;0.26;0.02;5.00;0.00;-;3;0;252.95%
C;TSLA200320C01580000;2020-03-06 1:00PM EDT;1,580.00;0.29;0.05;5.00;0.00;-;2;0;254.61%
C;TSLA200320C01590000;2020-03-10 11:57AM EDT;1,590.00;0.09;0.15;5.15;0.00;-;2;0;257.84%
C;TSLA200320C01600000;2020-03-10 3:58PM EDT;1,600.00;0.21;0.01;0.70;0.00;-;22;0;203.03%
C;TSLA200320C01610000;2020-02-27 12:49PM EDT;1,610.00;0.60;0.15;5.15;0.00;-;1;0;260.67%
C;TSLA200320C01620000;2020-03-09 3:51PM EDT;1,620.00;0.13;0.15;5.15;0.00;-;11;0;262.06%
C;TSLA200320C01630000;2020-03-05 1:28PM EDT;1,630.00;0.20;0.15;5.15;0.00;-;1;0;263.45%
C;TSLA200320C01640000;2020-03-05 11:10AM EDT;1,640.00;0.19;0.15;5.15;0.00;-;3;0;264.84%
C;TSLA200320C01650000;2020-03-03 1:32PM EDT;1,650.00;0.69;0.15;0.75;0.00;-;12;0;214.06%
C;TSLA200320C01660000;2020-03-09 10:29AM EDT;1,660.00;0.50;0.15;5.15;0.00;-;1;0;267.55%
C;TSLA200320C01670000;2020-02-24 12:49PM EDT;1,670.00;0.60;0.15;5.15;0.00;-;1;0;268.90%
C;TSLA200320C01680000;2020-03-06 1:39PM EDT;1,680.00;0.63;0.15;5.15;0.00;-;1;0;270.24%
C;TSLA200320C01690000;2020-02-26 10:59AM EDT;1,690.00;0.22;0.15;5.15;0.00;-;1;0;271.58%
C;TSLA200320C01700000;2020-03-09 10:35AM EDT;1,700.00;0.07;0.10;5.10;0.00;-;42;216;272.14%
C;TSLA200320C01710000;2020-03-09 9:31AM EDT;1,710.00;0.79;0.79;5.10;0.00;-;1;59;278.42%
C;TSLA200320C01720000;2020-03-10 11:05AM EDT;1,720.00;0.07;0.10;5.10;0.00;-;5;42;274.76%
C;TSLA200320C01730000;2020-03-06 1:11PM EDT;1,730.00;0.08;0.10;5.10;0.00;-;5;52;276.05%
C;TSLA200320C01740000;2020-03-03 2:07PM EDT;1,740.00;0.36;0.10;5.10;0.00;-;2;0;277.32%
C;TSLA200320C01750000;2020-03-10 3:22PM EDT;1,750.00;0.05;0.10;5.10;0.00;-;30;75;278.59%
C;TSLA200320C01760000;2020-03-09 3:09PM EDT;1,760.00;0.08;0.20;5.20;0.00;-;4;97;281.35%
C;TSLA200320C01770000;2020-03-10 10:24AM EDT;1,770.00;0.01;0.10;5.10;0.00;-;5;52;281.10%
C;TSLA200320C01780000;2020-03-06 4:49PM EDT;1,780.00;0.35;0.10;5.10;0.00;-;10;142;282.35%
C;TSLA200320C01790000;2020-02-26 3:20PM EDT;1,790.00;0.47;0.10;5.10;0.00;-;1;23;283.59%
C;TSLA200320C01800000;2020-03-10 12:43PM EDT;1,800.00;0.05;0.08;8.85;0.00;-;30;283;308.69%
C;TSLA200320C01810000;2020-03-03 3:35PM EDT;1,810.00;0.34;0.10;5.10;0.00;-;1;94;286.04%
C;TSLA200320C01820000;2020-03-10 10:01AM EDT;1,820.00;0.05;0.15;5.15;0.00;-;1;49;288.01%
C;TSLA200320C01830000;2020-03-10 10:35AM EDT;1,830.00;0.05;0.10;5.10;0.00;-;10;610;288.45%
C;TSLA200320C01840000;2020-03-10 12:58PM EDT;1,840.00;0.03;0.00;8.85;0.00;-;2;252;313.33%
C;TSLA200320C01850000;2020-03-10 3:23PM EDT;1,850.00;0.03;0.10;5.10;0.00;-;2;479;290.82%
C;TSLA200320C01860000;2020-03-10 12:44PM EDT;1,860.00;0.05;0.05;5.05;0.00;-;4;310;291.24%
C;TSLA200320C01870000;2020-03-10 10:09AM EDT;1,870.00;0.03;0.05;0.33;0.00;-;21;349;219.14%
C;TSLA200320C01880000;2020-03-10 3:48PM EDT;1,880.00;0.02;0.13;0.15;0.00;-;1,311;7,184;214.26%
P;TSLA200320P00010000;2020-03-09 1:22PM EDT;10.00;0.01;0.00;5.00;0.00;-;164;0;1,552.15%
P;TSLA200320P00015000;2020-03-03 1:21PM EDT;15.00;0.01;0.00;5.00;0.00;-;1;0;1,333.40%
P;TSLA200320P00020000;2020-03-09 2:59PM EDT;20.00;0.01;0.00;0.02;0.00;-;399;0;625.00%
P;TSLA200320P00025000;2020-03-09 11:33AM EDT;25.00;0.01;0.00;8.55;0.00;-;3;0;1,238.67%
P;TSLA200320P00030000;2020-03-02 1:09PM EDT;30.00;0.09;0.00;5.00;0.00;-;37;0;1,024.22%
P;TSLA200320P00035000;2020-03-09 3:58PM EDT;35.00;0.05;0.00;0.35;0.00;-;7;0;661.72%
P;TSLA200320P00040000;2020-03-10 11:37AM EDT;40.00;0.02;0.00;0.01;0.00;-;63;0;475.00%
P;TSLA200320P00045000;2020-03-10 3:06PM EDT;45.00;0.01;0.00;5.00;0.00;-;1;0;867.77%
P;TSLA200320P00050000;2020-03-10 2:21PM EDT;50.00;0.02;0.01;0.07;0.00;-;173;0;501.56%
P;TSLA200320P00055000;2020-03-09 10:38AM EDT;55.00;0.03;0.00;5.00;0.00;-;7;0;795.02%
P;TSLA200320P00060000;2020-03-09 10:27AM EDT;60.00;0.10;0.00;0.25;0.00;-;17;0;515.63%
P;TSLA200320P00065000;2020-03-09 2:36PM EDT;65.00;0.02;0.00;5.00;0.00;-;2;0;736.52%
P;TSLA200320P00070000;2020-03-09 3:14PM EDT;70.00;0.03;0.01;5.00;0.00;-;43;0;711.33%
P;TSLA200320P00075000;2020-03-10 2:36PM EDT;75.00;0.03;0.00;0.04;0.00;-;1;0;396.88%
P;TSLA200320P00080000;2020-03-09 12:06PM EDT;80.00;0.15;0.03;0.51;0.00;-;41;0;489.45%
P;TSLA200320P00085000;2020-03-09 10:57AM EDT;85.00;0.07;0.03;8.70;0.00;-;90;0;716.89%
P;TSLA200320P00090000;2020-03-10 2:30PM EDT;90.00;0.09;0.00;5.00;0.00;-;1;0;626.86%
P;TSLA200320P00095000;2020-03-10 3:58PM EDT;95.00;0.04;0.00;5.00;0.00;-;11;0;609.18%
P;TSLA200320P00100000;2020-03-10 3:55PM EDT;100.00;0.05;0.04;0.05;0.00;-;250;0;367.19%
P;TSLA200320P00105000;2020-03-10 3:01PM EDT;105.00;0.07;0.04;5.00;0.00;-;61;0;577.44%
P;TSLA200320P00110000;2020-03-10 2:30PM EDT;110.00;0.10;0.00;5.00;0.00;-;2;0;561.72%
P;TSLA200320P00115000;2020-03-10 3:09PM EDT;115.00;0.08;0.00;1.00;0.00;-;6;0;433.59%
P;TSLA200320P00120000;2020-03-10 1:26PM EDT;120.00;0.12;0.00;1.00;0.00;-;61;0;423.05%
P;TSLA200320P00125000;2020-03-09 3:53PM EDT;125.00;0.19;0.00;4.00;0.00;-;225;0;502.05%
P;TSLA200320P00130000;2020-03-10 3:54PM EDT;130.00;0.10;0.00;0.19;0.00;-;10;0;337.50%
P;TSLA200320P00135000;2020-03-10 1:44PM EDT;135.00;0.16;0.01;5.00;0.00;-;3;0;497.07%
P;TSLA200320P00140000;2020-03-09 2:28PM EDT;140.00;0.20;0.01;5.00;0.00;-;7;0;485.74%
P;TSLA200320P00145000;2020-03-10 10:19AM EDT;145.00;0.19;0.03;3.00;0.00;-;3;0;437.70%
P;TSLA200320P00150000;2020-03-10 3:06PM EDT;150.00;0.15;0.01;0.20;0.00;-;43;0;310.94%
P;TSLA200320P00155000;2020-03-10 12:20PM EDT;155.00;0.15;0.01;2.00;0.00;-;15;0;394.14%
P;TSLA200320P00160000;2020-03-03 12:45PM EDT;160.00;0.11;0.01;5.00;0.00;-;9;0;444.39%
P;TSLA200320P00165000;2020-03-10 9:31AM EDT;165.00;0.26;0.01;2.00;0.00;-;24;0;377.44%
P;TSLA200320P00170000;2020-03-10 3:07PM EDT;170.00;0.22;0.01;5.00;0.00;-;10;0;425.78%
P;TSLA200320P00175000;2020-03-06 1:09PM EDT;175.00;0.35;0.01;5.00;0.00;-;8;0;416.90%
P;TSLA200320P00180000;2020-03-10 11:37AM EDT;180.00;0.20;0.22;0.85;0.00;-;75;0;325.78%
P;TSLA200320P00185000;2020-03-10 12:13PM EDT;185.00;0.28;0.01;5.00;0.00;-;3;0;399.95%
P;TSLA200320P00190000;2020-03-10 10:04AM EDT;190.00;0.40;0.05;2.00;0.00;-;33;0;340.82%
P;TSLA200320P00195000;2020-03-09 11:39AM EDT;195.00;0.39;0.09;5.00;0.00;-;51;0;385.01%
P;TSLA200320P00200000;2020-03-10 3:58PM EDT;200.00;0.35;0.05;0.35;0.00;-;4;0;267.97%
P;TSLA200320P00205000;2020-03-10 3:11PM EDT;205.00;0.46;0.25;0.45;0.00;-;1;0;279.30%
P;TSLA200320P00210000;2020-03-10 3:19PM EDT;210.00;0.33;0.30;5.30;0.00;-;90;0;368.70%
P;TSLA200320P00215000;2020-03-10 10:24AM EDT;215.00;1.00;0.30;0.55;0.00;-;9;0;274.41%
P;TSLA200320P00220000;2020-03-10 3:51PM EDT;220.00;0.35;0.30;5.30;0.00;-;14;0;354.44%
P;TSLA200320P00225000;2020-03-10 3:52PM EDT;225.00;0.39;0.05;5.05;0.00;-;7;0;341.89%
P;TSLA200320P00230000;2020-03-10 10:37AM EDT;230.00;0.45;0.01;3.60;0.00;-;4;0;316.36%
P;TSLA200320P00235000;2020-03-10 3:08PM EDT;235.00;0.55;0.09;0.55;0.00;-;2;0;245.02%
P;TSLA200320P00240000;2020-03-10 11:54AM EDT;240.00;0.55;0.45;0.70;0.00;-;13;0;257.91%
P;TSLA200320P00245000;2020-03-10 1:48PM EDT;245.00;0.90;0.45;0.70;0.00;-;101;0;252.93%
P;TSLA200320P00250000;2020-03-10 3:57PM EDT;250.00;0.68;0.59;0.63;0.00;-;24;0;249.81%
P;TSLA200320P00255000;2020-03-09 3:53PM EDT;255.00;0.93;0.02;1.30;0.00;-;3;0;247.56%
P;TSLA200320P00260000;2020-03-10 11:02AM EDT;260.00;0.95;0.50;0.90;0.00;-;6;0;244.63%
P;TSLA200320P00265000;2020-03-10 2:55PM EDT;265.00;0.80;0.40;0.93;0.00;-;10;0;238.18%
P;TSLA200320P00270000;2020-03-10 3:44PM EDT;270.00;0.90;0.59;1.20;0.00;-;2;0;243.26%
P;TSLA200320P00275000;2020-03-10 11:31AM EDT;275.00;1.00;0.50;1.00;0.00;-;3;0;232.72%
P;TSLA200320P00280000;2020-03-10 2:45PM EDT;280.00;1.04;0.92;1.26;0.00;-;106;0;240.67%
P;TSLA200320P00285000;2020-03-10 3:51PM EDT;285.00;0.53;0.85;5.85;0.00;-;17;0;285.06%
P;TSLA200320P00290000;2020-03-10 2:52PM EDT;290.00;1.08;0.95;5.95;0.00;-;1;0;281.23%
P;TSLA200320P00295000;2020-03-10 2:46PM EDT;295.00;1.00;0.95;1.34;0.00;-;25;0;228.52%
P;TSLA200320P00300000;2020-03-10 3:58PM EDT;300.00;1.09;1.01;1.11;0.00;-;1;0;221.48%
P;TSLA200320P00305000;2020-03-10 2:55PM EDT;305.00;1.25;1.05;1.45;0.00;-;16;0;222.61%
P;TSLA200320P00310000;2020-03-10 3:49PM EDT;310.00;1.37;1.05;9.30;0.00;-;46;0;282.96%
P;TSLA200320P00315000;2020-03-09 3:40PM EDT;315.00;1.60;0.81;1.50;0.00;-;6;0;211.33%
P;TSLA200320P00320000;2020-03-10 3:42PM EDT;320.00;1.29;1.29;1.45;0.00;-;4;0;212.70%
P;TSLA200320P00325000;2020-03-10 2:52PM EDT;325.00;1.45;1.05;1.85;0.00;-;10;0;210.35%
P;TSLA200320P00330000;2020-03-10 3:48PM EDT;330.00;1.52;0.85;11.50;0.00;-;55;0;272.56%
P;TSLA200320P00335000;2020-03-10 3:35PM EDT;335.00;1.45;1.55;6.55;0.00;-;12;0;243.77%
P;TSLA200320P00340000;2020-03-10 3:57PM EDT;340.00;1.50;1.08;7.20;0.00;-;102;0;240.09%
P;TSLA200320P00345000;2020-03-10 3:21PM EDT;345.00;1.55;2.00;7.00;0.00;-;15;0;239.55%
P;TSLA200320P00350000;2020-03-10 3:55PM EDT;350.00;1.74;1.45;2.10;0.00;-;4;0;196.48%
P;TSLA200320P00355000;2020-03-10 3:23PM EDT;355.00;1.51;0.25;2.19;0.00;-;146;0;180.91%
P;TSLA200320P00360000;2020-03-10 1:47PM EDT;360.00;1.82;1.90;2.12;0.00;-;1;0;192.63%
P;TSLA200320P00365000;2020-03-10 1:21PM EDT;365.00;2.54;1.45;2.47;0.00;-;14;0;187.77%
P;TSLA200320P00370000;2020-03-10 3:51PM EDT;370.00;2.08;1.10;2.25;0.00;-;32;0;178.86%
P;TSLA200320P00375000;2020-03-10 12:56PM EDT;375.00;1.95;3.35;8.35;0.00;-;33;0;225.12%
P;TSLA200320P00380000;2020-03-10 2:04PM EDT;380.00;2.25;1.85;2.59;0.00;-;1;0;180.15%
P;TSLA200320P00385000;2020-03-10 3:59PM EDT;385.00;2.48;1.19;2.81;0.00;-;1;0;172.95%
P;TSLA200320P00390000;2020-03-10 3:49PM EDT;390.00;2.78;2.69;2.89;0.00;-;141;0;180.18%
P;TSLA200320P00395000;2020-03-10 3:39PM EDT;395.00;2.50;2.82;3.10;0.00;-;13;0;178.37%
P;TSLA200320P00400000;2020-03-10 3:59PM EDT;400.00;2.74;2.88;2.50;0.00;-;3;0;171.19%
P;TSLA200320P00405000;2020-03-10 3:44PM EDT;405.00;2.98;1.54;3.30;0.00;-;79;0;163.97%
P;TSLA200320P00410000;2020-03-10 3:58PM EDT;410.00;3.10;3.40;3.55;0.00;-;14;0;172.46%
P;TSLA200320P00415000;2020-03-10 3:26PM EDT;415.00;3.10;4.80;9.80;0.00;-;6;0;200.79%
P;TSLA200320P00420000;2020-03-10 3:58PM EDT;420.00;3.33;1.78;3.65;0.00;-;95;0;156.52%
P;TSLA200320P00425000;2020-03-10 3:59PM EDT;425.00;5.55;5.70;10.70;0.00;-;65;0;198.18%
P;TSLA200320P00430000;2020-03-10 3:47PM EDT;430.00;3.90;5.05;3.90;0.00;-;1;0;166.36%
P;TSLA200320P00435000;2020-03-10 3:43PM EDT;435.00;4.20;6.55;11.55;0.00;-;15;0;194.76%
P;TSLA200320P00440000;2020-03-10 3:52PM EDT;440.00;4.45;3.00;4.30;0.00;-;5;0;151.43%
P;TSLA200320P00445000;2020-03-10 3:29PM EDT;445.00;4.45;5.05;5.30;0.00;-;49;0;160.33%
P;TSLA200320P00450000;2020-03-10 3:51PM EDT;450.00;5.00;3.50;4.65;0.00;-;1;0;147.75%
P;TSLA200320P00455000;2020-03-10 3:56PM EDT;455.00;5.20;5.60;5.90;0.00;-;70;0;156.71%
P;TSLA200320P00460000;2020-03-10 3:42PM EDT;460.00;5.34;10.10;15.10;0.00;-;124;0;191.92%
P;TSLA200320P00465000;2020-03-10 3:58PM EDT;465.00;5.90;3.50;5.35;0.00;-;248;0;139.51%
P;TSLA200320P00470000;2020-03-10 3:58PM EDT;470.00;6.23;3.75;5.55;0.00;-;1;0;137.52%
P;TSLA200320P00475000;2020-03-10 3:40PM EDT;475.00;6.50;7.10;7.45;0.00;-;27;0;150.74%
P;TSLA200320P00480000;2020-03-10 3:47PM EDT;480.00;7.46;4.20;6.05;0.00;-;210;0;133.51%
P;TSLA200320P00485000;2020-03-10 3:18PM EDT;485.00;6.85;7.95;8.30;0.00;-;26;0;147.60%
P;TSLA200320P00490000;2020-03-10 3:41PM EDT;490.00;7.70;8.35;8.80;0.00;-;35;0;145.98%
P;TSLA200320P00495000;2020-03-10 3:46PM EDT;495.00;8.50;8.80;9.20;0.00;-;46;0;144.14%
P;TSLA200320P00500000;2020-03-10 3:59PM EDT;500.00;8.90;6.00;7.00;0.00;-;3;0;127.08%
P;TSLA200320P00505000;2020-03-10 3:58PM EDT;505.00;9.30;6.00;7.50;0.00;-;55;0;124.70%
P;TSLA200320P00510000;2020-03-10 3:54PM EDT;510.00;10.00;6.10;7.95;0.00;-;122;0;122.40%
P;TSLA200320P00515000;2020-03-10 3:56PM EDT;515.00;10.55;6.50;8.50;0.00;-;2;0;121.03%
P;TSLA200320P00520000;2020-03-10 3:59PM EDT;520.00;11.31;20.00;25.00;0.00;-;77;0;176.57%
P;TSLA200320P00525000;2020-03-10 3:58PM EDT;525.00;11.65;7.30;9.10;0.00;-;160;0;116.77%
P;TSLA200320P00530000;2020-03-10 3:58PM EDT;530.00;12.55;13.05;13.55;0.00;-;219;0;134.10%
P;TSLA200320P00535000;2020-03-10 3:40PM EDT;535.00;12.85;8.35;10.25;0.00;-;100;0;113.90%
P;TSLA200320P00540000;2020-03-10 3:53PM EDT;540.00;13.60;8.70;10.45;0.00;-;125;0;111.14%
P;TSLA200320P00545000;2020-03-10 3:40PM EDT;545.00;14.34;15.40;15.70;0.00;-;2;0;129.52%
P;TSLA200320P00550000;2020-03-10 3:59PM EDT;550.00;15.00;9.80;11.00;0.00;-;15;0;106.53%
P;TSLA200320P00555000;2020-03-10 3:01PM EDT;555.00;17.00;25.15;33.60;0.00;-;155;0;164.23%
P;TSLA200320P00560000;2020-03-10 3:54PM EDT;560.00;17.85;10.95;13.20;0.00;-;3;0;104.63%
P;TSLA200320P00565000;2020-03-10 2:55PM EDT;565.00;18.50;18.80;19.25;0.00;-;81;0;123.22%
P;TSLA200320P00570000;2020-03-10 3:59PM EDT;570.00;18.87;19.75;20.30;0.00;-;3;0;121.74%
P;TSLA200320P00575000;2020-03-10 3:59PM EDT;575.00;20.10;35.05;41.00;0.00;-;1;0;168.10%
P;TSLA200320P00580000;2020-03-10 3:58PM EDT;580.00;22.00;12.00;15.70;0.00;-;4;0;93.84%
P;TSLA200320P00585000;2020-03-10 3:55PM EDT;585.00;23.00;23.15;23.80;0.00;-;6;0;117.69%
P;TSLA200320P00590000;2020-03-10 3:58PM EDT;590.00;24.55;14.00;17.70;0.00;-;10;0;91.21%
P;TSLA200320P00595000;2020-03-10 3:59PM EDT;595.00;24.64;25.95;26.65;0.00;-;119;0;115.65%
P;TSLA200320P00600000;2020-03-10 3:59PM EDT;600.00;27.00;17.70;19.50;0.00;-;6;0;89.92%
P;TSLA200320P00605000;2020-03-10 3:54PM EDT;605.00;28.15;18.25;20.40;0.00;-;1;0;87.19%
P;TSLA200320P00610000;2020-03-10 3:58PM EDT;610.00;29.25;18.00;21.50;0.00;-;1;0;83.53%
P;TSLA200320P00615000;2020-03-10 3:58PM EDT;615.00;30.85;47.80;57.80;0.00;-;73;0;161.22%
P;TSLA200320P00620000;2020-03-10 3:59PM EDT;620.00;32.42;32.90;33.75;0.00;-;1;0;107.53%
P;TSLA200320P00625000;2020-03-10 3:59PM EDT;625.00;33.80;53.00;62.00;0.00;-;65;0;160.65%
P;TSLA200320P00630000;2020-03-10 3:49PM EDT;630.00;37.90;22.55;27.90;0.00;-;86;0;76.80%
P;TSLA200320P00635000;2020-03-10 3:49PM EDT;635.00;37.50;58.50;68.00;0.00;-;201;0;162.04%
P;TSLA200320P00640000;2020-03-10 3:57PM EDT;640.00;39.56;60.05;74.50;0.00;-;199;0;165.25%
P;TSLA200320P00645000;2020-03-10 3:59PM EDT;645.00;41.89;43.30;43.50;0.00;-;214;0;102.38%
P;TSLA200320P00650000;2020-03-10 3:58PM EDT;650.00;44.45;73.30;78.20;0.00;-;8;0;172.19%
P;TSLA200320P00655000;2020-03-10 3:56PM EDT;655.00;46.20;74.00;79.75;0.00;-;280;0;168.10%
P;TSLA200320P00660000;2020-03-10 3:57PM EDT;660.00;48.42;31.30;35.90;0.00;-;1;0;59.42%
P;TSLA200320P00665000;2020-03-10 3:58PM EDT;665.00;52.00;53.05;53.70;0.00;-;217;0;99.10%
P;TSLA200320P00670000;2020-03-10 3:52PM EDT;670.00;55.27;55.65;56.20;0.00;-;342;0;97.88%
P;TSLA200320P00675000;2020-03-10 3:52PM EDT;675.00;58.12;82.60;92.60;0.00;-;832;0;165.23%
P;TSLA200320P00680000;2020-03-10 3:54PM EDT;680.00;60.15;38.60;43.10;0.00;-;1;0;49.06%
P;TSLA200320P00685000;2020-03-10 3:12PM EDT;685.00;63.00;64.15;65.65;0.00;-;11;0;96.04%
P;TSLA200320P00690000;2020-03-10 3:50PM EDT;690.00;68.00;42.75;47.00;0.00;-;11;0;34.81%
P;TSLA200320P00695000;2020-03-10 3:59PM EDT;695.00;68.89;44.95;48.65;0.00;-;1;0;0.00%
P;TSLA200320P00700000;2020-03-10 3:57PM EDT;700.00;72.70;46.75;50.80;0.00;-;1;0;0.00%
P;TSLA200320P00705000;2020-03-10 2:47PM EDT;705.00;75.90;103.05;117.65;0.00;-;121;0;173.10%
P;TSLA200320P00710000;2020-03-10 3:53PM EDT;710.00;79.14;51.85;56.70;0.00;-;10;0;0.00%
P;TSLA200320P00715000;2020-03-10 3:32PM EDT;715.00;88.58;84.85;86.35;0.00;-;119;0;93.38%
P;TSLA200320P00720000;2020-03-10 3:53PM EDT;720.00;86.71;116.15;127.65;0.00;-;327;0;176.08%
P;TSLA200320P00725000;2020-03-10 3:53PM EDT;725.00;93.00;120.85;132.35;0.00;-;161;0;178.95%
P;TSLA200320P00730000;2020-03-10 3:45PM EDT;730.00;95.97;122.80;139.30;0.00;-;132;0;181.14%
P;TSLA200320P00735000;2020-03-10 3:57PM EDT;735.00;100.90;100.70;102.50;0.00;-;68;0;93.61%
P;TSLA200320P00740000;2020-03-10 3:40PM EDT;740.00;103.10;68.65;76.00;0.00;-;1;0;0.00%
P;TSLA200320P00745000;2020-03-10 3:40PM EDT;745.00;107.35;108.70;111.90;0.00;-;2;0;94.89%
P;TSLA200320P00750000;2020-03-10 3:53PM EDT;750.00;112.50;72.85;82.05;0.00;-;1;0;0.00%
P;TSLA200320P00755000;2020-03-10 1:34PM EDT;755.00;127.18;76.10;85.40;0.00;-;8;0;0.00%
P;TSLA200320P00760000;2020-03-10 3:55PM EDT;760.00;120.95;151.40;162.05;0.00;-;23;0;190.27%
P;TSLA200320P00765000;2020-03-10 3:19PM EDT;765.00;122.90;82.85;91.40;0.00;-;33;0;0.00%
P;TSLA200320P00770000;2020-03-10 3:19PM EDT;770.00;127.45;130.50;132.90;0.00;-;31;0;94.12%
P;TSLA200320P00775000;2020-03-10 3:55PM EDT;775.00;134.34;164.25;176.20;0.00;-;7;0;195.62%
P;TSLA200320P00780000;2020-03-10 3:49PM EDT;780.00;143.00;93.50;102.80;0.00;-;26;0;0.00%
P;TSLA200320P00785000;2020-03-10 12:42PM EDT;785.00;160.61;145.15;146.30;0.00;-;45;0;96.64%
P;TSLA200320P00790000;2020-03-10 3:55PM EDT;790.00;148.79;101.40;110.85;0.00;-;1;0;0.00%
P;TSLA200320P00795000;2020-03-10 10:14AM EDT;795.00;166.87;106.75;116.05;0.00;-;1;0;0.00%
P;TSLA200320P00800000;2020-03-10 3:55PM EDT;800.00;158.19;112.00;120.40;0.00;-;70;0;0.00%
P;TSLA200320P00805000;2020-03-10 10:29AM EDT;805.00;167.13;189.35;201.70;0.00;-;17;0;200.38%
P;TSLA200320P00810000;2020-03-10 3:17PM EDT;810.00;168.45;167.40;171.00;0.00;-;24;0;99.39%
P;TSLA200320P00815000;2020-03-06 4:45PM EDT;815.00;181.95;173.55;174.75;0.00;-;5;0;101.06%
P;TSLA200320P00820000;2020-03-10 3:17PM EDT;820.00;178.15;126.60;136.45;0.00;-;26;0;0.00%
P;TSLA200320P00825000;2020-03-09 3:46PM EDT;825.00;208.81;209.60;223.00;0.00;-;152;0;212.98%
P;TSLA200320P00830000;2020-03-10 10:08AM EDT;830.00;188.05;135.10;144.35;0.00;-;8;0;0.00%
P;TSLA200320P00835000;2020-03-10 10:08AM EDT;835.00;195.70;138.20;147.85;0.00;-;1;0;0.00%
P;TSLA200320P00840000;2020-03-10 10:31AM EDT;840.00;221.78;142.50;152.20;0.00;-;4;0;0.00%
P;TSLA200320P00845000;2020-03-09 1:13PM EDT;845.00;220.35;227.50;243.50;0.00;-;4;0;220.84%
P;TSLA200320P00850000;2020-03-10 3:46PM EDT;850.00;207.83;151.65;161.30;0.00;-;18;0;0.00%
P;TSLA200320P00855000;2020-03-06 4:12PM EDT;855.00;207.65;156.00;165.70;0.00;-;1;0;0.00%
P;TSLA200320P00860000;2020-03-10 9:50AM EDT;860.00;235.20;242.60;256.10;0.00;-;3;0;224.86%
P;TSLA200320P00865000;2020-03-10 12:49PM EDT;865.00;235.02;247.45;261.60;0.00;-;1;0;227.69%
P;TSLA200320P00870000;2020-03-10 12:49PM EDT;870.00;235.90;227.00;228.25;0.00;-;4;0;110.67%
P;TSLA200320P00875000;2020-03-09 3:14PM EDT;875.00;260.42;171.00;185.05;0.00;-;4;0;0.00%
P;TSLA200320P00880000;2020-03-10 10:27AM EDT;880.00;260.90;176.00;190.50;0.00;-;30;0;0.00%
P;TSLA200320P00885000;2020-03-03 2:45PM EDT;885.00;235.16;180.50;195.05;0.00;-;4;0;0.00%
P;TSLA200320P00890000;2020-03-10 10:12AM EDT;890.00;239.81;185.00;199.75;0.00;-;1;0;0.00%
P;TSLA200320P00895000;2020-03-10 12:11PM EDT;895.00;262.95;251.85;253.70;0.00;-;11;0;119.82%
P;TSLA200320P00900000;2020-03-10 3:48PM EDT;900.00;259.50;283.20;297.20;0.00;-;10;0;245.36%
P;TSLA200320P00905000;2020-03-10 12:11PM EDT;905.00;272.95;261.70;263.70;0.00;-;10;0;122.34%
P;TSLA200320P00910000;2020-03-10 10:32AM EDT;910.00;270.53;203.60;218.70;0.00;-;1;0;0.00%
P;TSLA200320P00915000;2020-03-10 2:31PM EDT;915.00;286.36;297.80;311.80;0.00;-;2;0;250.64%
P;TSLA200320P00920000;2020-03-10 2:31PM EDT;920.00;291.58;213.00;228.15;0.00;-;10;0;0.00%
P;TSLA200320P00925000;2020-03-09 1:56PM EDT;925.00;304.00;217.70;232.95;0.00;-;2;0;0.00%
P;TSLA200320P00930000;2020-03-10 10:07AM EDT;930.00;280.97;222.60;237.75;0.00;-;2;0;0.00%
P;TSLA200320P00935000;2020-03-09 12:12PM EDT;935.00;297.10;291.55;293.50;0.00;-;2;0;129.83%
P;TSLA200320P00940000;2020-03-05 1:19PM EDT;940.00;212.91;322.05;336.65;0.00;-;1;0;259.64%
P;TSLA200320P00945000;2020-03-04 4:16PM EDT;945.00;261.11;237.00;251.75;0.00;-;1;0;0.00%
P;TSLA200320P00950000;2020-03-09 2:47PM EDT;950.00;331.57;327.10;341.35;0.00;-;2;0;248.24%
P;TSLA200320P00955000;2020-03-05 1:19PM EDT;955.00;227.49;310.90;313.10;0.00;-;1;0;130.59%
P;TSLA200320P00960000;2020-03-05 1:26PM EDT;960.00;231.51;252.00;266.70;0.00;-;6;0;0.00%
P;TSLA200320P00965000;2020-03-06 2:02PM EDT;965.00;276.29;316.95;325.55;0.00;-;1;0;124.78%
P;TSLA200320P00970000;2020-03-09 11:05AM EDT;970.00;340.39;261.00;276.45;0.00;-;1;0;0.00%
P;TSLA200320P00975000;2020-03-03 10:35AM EDT;975.00;234.85;285.65;288.30;0.00;-;8;0;0.00%
P;TSLA200320P00980000;2020-03-06 4:18PM EDT;980.00;286.45;332.80;340.00;0.00;-;10;0;130.54%
P;TSLA200320P00985000;2020-02-28 2:41PM EDT;985.00;216.05;336.85;344.30;0.00;-;2;0;119.39%
P;TSLA200320P00990000;2020-03-09 11:06AM EDT;990.00;360.57;281.00;295.90;0.00;-;3;0;0.00%
P;TSLA200320P00995000;2020-02-26 4:16PM EDT;995.00;219.09;286.00;300.80;0.00;-;1;0;0.00%
P;TSLA200320P01000000;2020-03-10 1:36PM EDT;1,000.00;368.00;351.20;305.60;0.00;-;3;0;0.00%
P;TSLA200320P01010000;2020-03-09 3:41PM EDT;1,010.00;392.89;362.15;368.45;0.00;-;4;0;119.19%
P;TSLA200320P01020000;2020-03-09 9:57AM EDT;1,020.00;379.78;325.95;328.90;0.00;-;6;0;0.00%
P;TSLA200320P01030000;2020-03-04 12:59PM EDT;1,030.00;302.70;321.00;335.05;0.00;-;11;0;0.00%
P;TSLA200320P01040000;2020-03-09 12:01PM EDT;1,040.00;404.90;391.70;399.05;0.00;-;2;0;127.54%
P;TSLA200320P01050000;2020-03-10 10:08AM EDT;1,050.00;400.64;340.00;355.00;0.00;-;3;0;0.00%
P;TSLA200320P01060000;2020-03-09 11:55AM EDT;1,060.00;422.00;411.55;418.95;0.00;-;3;0;128.52%
P;TSLA200320P01070000;2020-02-19 11:44AM EDT;1,070.00;197.96;420.95;428.90;0.00;-;3;0;118.65%
P;TSLA200320P01080000;2020-02-19 10:31AM EDT;1,080.00;206.45;387.40;394.00;0.00;-;1;0;0.00%
P;TSLA200320P01090000;2020-03-03 2:41PM EDT;1,090.00;352.20;469.95;483.50;0.00;-;1;0;304.82%
P;TSLA200320P01100000;2020-03-05 3:42PM EDT;1,100.00;441.75;450.75;457.60;0.00;-;1;0;173.17%
P;TSLA200320P01110000;2020-03-09 11:00AM EDT;1,110.00;463.95;461.40;420.90;0.00;-;6;0;0.00%
P;TSLA200320P01120000;2020-02-11 12:28PM EDT;1,120.00;473.92;471.45;478.10;0.00;-;6;0;117.19%
P;TSLA200320P01130000;2020-03-09 11:14AM EDT;1,130.00;471.65;432.45;440.75;0.00;-;2;0;0.00%
P;TSLA200320P01140000;2020-03-03 3:08PM EDT;1,140.00;419.90;491.35;444.30;0.00;-;2;0;0.00%
P;TSLA200320P01150000;2020-03-09 11:14AM EDT;1,150.00;520.03;501.35;507.35;0.00;-;5;0;181.64%
P;TSLA200320P01160000;2020-03-03 3:08PM EDT;1,160.00;439.65;449.00;464.20;0.00;-;1;0;0.00%
P;TSLA200320P01170000;2020-02-27 2:42PM EDT;1,170.00;538.05;521.45;529.70;0.00;-;7;0;158.45%
P;TSLA200320P01180000;2020-03-03 12:50PM EDT;1,180.00;423.80;531.40;538.00;0.00;-;2;0;114.84%
P;TSLA200320P01190000;2020-03-03 12:48PM EDT;1,190.00;443.40;541.35;548.90;0.00;-;4;0;149.12%
P;TSLA200320P01200000;2020-03-09 10:22AM EDT;1,200.00;555.84;506.25;513.30;0.00;-;1;0;0.00%
P;TSLA200320P01210000;2020-02-26 10:40AM EDT;1,210.00;419.50;559.65;567.20;0.00;-;1;0;192.36%
P;TSLA200320P01220000;2020-03-02 2:37PM EDT;1,220.00;491.85;598.50;614.25;0.00;-;12;0;341.22%
P;TSLA200320P01230000;2020-03-03 12:50PM EDT;1,230.00;473.25;609.80;624.65;0.00;-;1;0;346.70%
P;TSLA200320P01240000;2020-03-03 2:18PM EDT;1,240.00;499.60;591.15;598.15;0.00;-;14;0;208.94%
P;TSLA200320P01250000;2020-02-20 12:24PM EDT;1,250.00;493.85;629.80;644.60;0.00;-;2;0;351.83%
P;TSLA200320P01260000;2020-03-03 1:42PM EDT;1,260.00;511.75;611.30;619.40;0.00;-;11;0;168.60%
P;TSLA200320P01270000;2020-03-03 12:59PM EDT;1,270.00;501.10;645.15;664.30;0.00;-;1;0;348.46%
P;TSLA200320P01280000;2020-02-26 4:22PM EDT;1,280.00;498.80;569.00;583.90;0.00;-;2;0;0.00%
P;TSLA200320P01290000;2020-03-03 1:20PM EDT;1,290.00;523.10;669.30;684.45;0.00;-;2;0;360.80%
P;TSLA200320P01300000;2020-03-06 2:41PM EDT;1,300.00;606.00;589.00;603.85;0.00;-;1;0;0.00%
P;TSLA200320P01320000;2020-03-03 2:18PM EDT;1,320.00;667.85;671.30;677.40;0.00;-;5;0;215.75%
P;TSLA200320P01340000;2020-03-03 1:06PM EDT;1,340.00;687.65;691.75;698.00;0.00;-;2;0;159.67%
P;TSLA200320P01360000;2020-03-03 2:04PM EDT;1,360.00;600.95;738.50;754.00;0.00;-;2;0;375.23%
P;TSLA200320P01380000;2020-03-03 1:42PM EDT;1,380.00;613.35;681.55;690.00;0.00;-;1;0;0.00%
P;TSLA200320P01400000;2020-02-24 11:26AM EDT;1,400.00;552.37;689.00;703.50;0.00;-;2;0;0.00%
P;TSLA200320P01420000;2020-02-28 12:58PM EDT;1,420.00;639.55;721.35;729.95;0.00;-;1;0;0.00%
P;TSLA200320P01440000;2020-03-03 1:27PM EDT;1,440.00;787.55;745.80;755.30;0.00;-;1;0;0.00%
P;TSLA200320P01460000;2020-02-04 4:39PM EDT;1,460.00;561.40;725.85;735.20;0.00;-;-;0;0.00%
P;TSLA200320P01480000;2020-03-03 1:06PM EDT;1,480.00;707.35;785.80;795.00;0.00;-;-;0;0.00%
P;TSLA200320P01500000;2020-03-09 10:22AM EDT;1,500.00;855.50;878.00;893.75;0.00;-;1;0;403.73%
P;TSLA200320P01520000;2020-02-26 12:59PM EDT;1,520.00;867.50;810.60;823.05;0.00;-;5;0;0.00%
P;TSLA200320P01530000;2020-03-03 2:23PM EDT;1,530.00;877.50;881.70;887.95;0.00;-;-;0;179.88%
P;TSLA200320P01540000;2020-02-10 11:41AM EDT;1,540.00;740.30;915.00;934.40;0.00;-;4;0;407.25%
P;TSLA200320P01550000;2020-02-10 11:41AM EDT;1,550.00;760.80;840.60;852.55;0.00;-;1;0;0.00%
P;TSLA200320P01560000;2020-03-03 1:46PM EDT;1,560.00;791.80;910.60;917.15;0.00;-;1;0;251.12%
P;TSLA200320P01570000;2020-02-11 10:34AM EDT;1,570.00;799.70;921.30;927.70;0.00;-;-;0;260.16%
P;TSLA200320P01580000;2020-02-10 1:11AM EDT;1,580.00;844.50;885.80;893.70;0.00;-;-;0;0.00%
P;TSLA200320P01590000;2020-02-10 1:11AM EDT;1,590.00;854.40;891.85;899.90;0.00;-;-;0;0.00%
P;TSLA200320P01610000;2020-02-05 3:06PM EDT;1,610.00;885.90;915.80;924.55;0.00;-;-;0;0.00%
P;TSLA200320P01620000;2020-02-20 2:05PM EDT;1,620.00;738.25;971.30;977.95;0.00;-;-;0;270.58%
P;TSLA200320P01630000;2020-02-05 11:20AM EDT;1,630.00;869.00;933.50;939.90;0.00;-;-;0;0.00%
P;TSLA200320P01650000;2020-02-26 4:58PM EDT;1,650.00;871.15;1,001.30;1,007.75;0.00;-;-;0;272.22%
P;TSLA200320P01670000;2020-03-03 12:29PM EDT;1,670.00;909.75;1,021.35;1,027.70;0.00;-;-;0;274.29%
P;TSLA200320P01690000;2020-03-02 11:09AM EDT;1,690.00;994.20;1,041.30;1,047.95;0.00;-;1;0;280.27%
P;TSLA200320P01710000;2020-03-02 1:02AM EDT;1,710.00;1,080.00;1,061.30;1,067.95;0.00;-;-;0;282.96%
P;TSLA200320P01720000;2020-03-03 11:29AM EDT;1,720.00;943.85;1,071.30;1,077.95;0.00;-;2;0;284.28%
P;TSLA200320P01730000;2020-02-13 2:53PM EDT;1,730.00;925.45;1,108.90;1,123.95;0.00;-;-;0;447.45%
P;TSLA200320P01740000;2020-03-03 1:18PM EDT;1,740.00;972.15;1,091.30;1,098.45;0.00;-;-;0;208.20%
P;TSLA200320P01750000;2020-02-25 7:49PM EDT;1,750.00;905.85;1,101.00;1,107.95;0.00;-;-;0;288.21%
P;TSLA200320P01760000;2020-02-10 1:11AM EDT;1,760.00;1,012.15;1,139.30;1,153.80;0.00;-;-;2;452.82%
P;TSLA200320P01770000;2020-02-12 1:44PM EDT;1,770.00;987.55;1,121.00;1,128.50;0.00;-;4;0;195.31%
P;TSLA200320P01780000;2020-02-05 12:18PM EDT;1,780.00;1,004.85;1,084.85;1,090.75;0.00;-;-;1;0.00%
P;TSLA200320P01790000;2020-02-13 1:33PM EDT;1,790.00;977.85;1,141.00;1,147.30;0.00;-;-;0;284.13%
P;TSLA200320P01800000;2020-02-12 1:44PM EDT;1,800.00;1,045.15;1,151.25;1,193.65;0.00;-;4;0;399.23%
P;TSLA200320P01810000;2020-02-27 3:48PM EDT;1,810.00;1,121.95;1,161.25;1,169.25;0.00;-;2;0;238.28%
P;TSLA200320P01820000;2020-02-05 1:52PM EDT;1,820.00;1,065.65;1,121.40;1,129.90;0.00;-;-;2;0.00%
P;TSLA200320P01830000;2020-02-20 4:37PM EDT;1,830.00;1,130.50;1,181.00;1,188.30;0.00;-;3;0;302.81%
P;TSLA200320P01840000;2020-02-27 2:42PM EDT;1,840.00;1,139.85;1,218.00;1,233.40;0.00;-;-;0;462.17%
P;TSLA200320P01850000;2020-02-05 1:54PM EDT;1,850.00;1,101.10;1,155.80;1,164.15;0.00;-;-;1;0.00%
P;TSLA200320P01860000;2020-02-20 2:05PM EDT;1,860.00;1,207.45;1,238.00;1,253.40;0.00;-;2;0;465.20%
P;TSLA200320P01870000;2020-03-03 1:11PM EDT;1,870.00;1,092.80;1,221.25;1,228.30;0.00;-;1;0;208.98%
P;TSLA200320P01880000;2020-02-05 1:52PM EDT;1,880.00;1,035.45;1,184.25;1,190.75;0.00;-;6;0;0.00%